clientId,accountId
bf9ed988-8887-4bf2-a21f-c6a2f93aea53,55d1131b-c5d7-481b-b2c0-63e56fc7346e
f5f4a2f0-c5b5-452d-a2b0-51b42ff5c0a4,1b98c83e-8e0d-49c7-b129-65e1e8d4419c
f5f4a2f0-c5b5-452d-a2b0-51b42ff5c0a4,c6a40603-9a4c-461e-95b7-bb2d9d302f86
f5f4a2f0-c5b5-452d-a2b0-51b42ff5c0a4,35b9b1bf-1142-4341-b698-f038905807cb
22c4b29c-4dc6-46a4-82c6-659d6e61bfe6,b4f6e0e3-a357-41ad-bda9-9b330935a185
a468f38b-ce48-404c-83fd-0aa0c2d17318,3afe811a-613c-4089-a0c3-d00ed9e19643
fcdbea09-d920-4598-8f50-1b59677aebf5,8ff74fa5-1fa2-4839-8f51-1c2d615c5461
fcdbea09-d920-4598-8f50-1b59677aebf5,afdd3cb8-6101-4d71-9eee-3cc8e3063300
fcdbea09-d920-4598-8f50-1b59677aebf5,50e9f13e-5bfb-4d06-8a70-a82e90f0a912
12c06321-b94c-4c9b-a213-8db2aeb29517,4a9aa88d-72b1-4b8c-b1cd-bd828bdebdd4
12c06321-b94c-4c9b-a213-8db2aeb29517,a20d91cc-606b-42d8-bd95-3e49723e0340
12c06321-b94c-4c9b-a213-8db2aeb29517,bc9d8174-809e-4a96-b75f-7a31ee82f7d8
5365210a-9453-425a-9004-32afed6504d5,423743d4-12ec-44c2-a3e2-3dd3af45ada4
97ef5250-34eb-48ae-b808-37b8cd09cb28,a1cfadfb-8cc3-4082-9203-c19a4388e6af
97ef5250-34eb-48ae-b808-37b8cd09cb28,47d1a74c-d0e2-4a95-89a1-6281b33281d8
97ef5250-34eb-48ae-b808-37b8cd09cb28,8201eafb-356e-46b8-ae35-7a901edd2940
97ef5250-34eb-48ae-b808-37b8cd09cb28,49db7b32-a30a-4442-9be1-fa191943077b
97ef5250-34eb-48ae-b808-37b8cd09cb28,6515e2ec-3293-4f4e-800a-0d2fd8dcba9c
97ef5250-34eb-48ae-b808-37b8cd09cb28,8c6d6c13-6aa5-4fa4-a230-ad5f4d8c8bb1
97ef5250-34eb-48ae-b808-37b8cd09cb28,e4f50d52-74fc-474d-b156-801ac2f41984
97ef5250-34eb-48ae-b808-37b8cd09cb28,87ed87dd-bf0b-4e51-a367-d0cc282d13cf
97ef5250-34eb-48ae-b808-37b8cd09cb28,18b86483-0790-46fd-900e-adf80a8f1675
97ef5250-34eb-48ae-b808-37b8cd09cb28,a3e371bb-2b95-44cf-ad84-c74d9dab9891
8a0058b2-471d-438d-8543-ae85ceeeb2f3,331ae042-1f67-4a93-8d16-3a5e4248ee9f
8a0058b2-471d-438d-8543-ae85ceeeb2f3,17eb7414-1f62-40fa-89f6-56950939e9e4
8a0058b2-471d-438d-8543-ae85ceeeb2f3,b61a3af3-cff9-42bf-9956-eb788c6c8471
bd399a88-411e-4d9f-9d32-02dfabfa44cf,8581e9c9-c01b-402d-93fd-3b88c72430bd
fb34f74a-3d17-4e15-ba0c-e0438e43566c,20fe13ea-7524-46e8-ab8a-6063db12c6ca
fb34f74a-3d17-4e15-ba0c-e0438e43566c,20c5e86c-f52d-4de6-8a95-f9d1d36598dc
fb34f74a-3d17-4e15-ba0c-e0438e43566c,5897d763-5600-4116-8873-e40e0320a526
d4524f22-5a6d-4ae6-92b9-73a083be7760,afdc864c-4146-46aa-9a3b-00b441acb060
d4524f22-5a6d-4ae6-92b9-73a083be7760,3b9d16fd-8e92-4a7b-aa42-94a94d1fda87
d4524f22-5a6d-4ae6-92b9-73a083be7760,fff38084-80ec-4ab0-8af6-94259576ac4c
b4acbb03-96fc-426e-a2e1-351121dadefa,4870f950-5f10-4602-93df-952a2ce03eb9
b4acbb03-96fc-426e-a2e1-351121dadefa,06f9d1e4-b610-4515-a14e-55cebeef803e
b4acbb03-96fc-426e-a2e1-351121dadefa,c7035e9b-c8bc-4a3c-9a24-f2edccbfcf59
d2879e91-3210-4e24-a139-7b904c7ad13b,8e91b33c-b8ec-4a8e-bbe3-9b74ce09e264
d2879e91-3210-4e24-a139-7b904c7ad13b,2c395316-9737-49bb-869f-64452a17ed60
d2879e91-3210-4e24-a139-7b904c7ad13b,b6a79cb1-cbbe-401c-bfa4-fe6eee546e6e
13dc02ca-6399-44b2-8a77-27bf16422f99,e48832a8-d6e0-4e04-ba55-20ee1d8fd256
546d16bc-ee1a-4a5b-b968-14e28043f14a,38438205-a3c6-4635-9285-f7849958d3e4
a8aa0c5b-2708-4239-aeac-b12aeab076b5,c52deb8d-9200-4cc4-9504-d8aac244c341
4a602a32-7495-4604-8009-baeae09daff8,d51a31f6-4b40-4c00-9e84-3e0126d53800
6e228304-f81d-4130-bc49-3816d45d3a3b,b34156d7-3816-4913-9cc9-fd315ba09714
6e228304-f81d-4130-bc49-3816d45d3a3b,b0ac7b1f-984f-408f-8664-51bd9a08fac7
6e228304-f81d-4130-bc49-3816d45d3a3b,affd1f67-b26b-492f-8525-4b847202b302
af3d6c54-3a20-4862-a12d-06fea48094e0,2e2fbc42-2ca0-44e7-8b4a-878fad9b0ec1
af3d6c54-3a20-4862-a12d-06fea48094e0,5d19b4a0-85be-4367-b0c5-f3773c6266f1
af3d6c54-3a20-4862-a12d-06fea48094e0,e28e92c1-8f5d-4036-9161-fbd76749d0ec
9692aa1a-731d-47e4-ba6e-91bbf49bdcf0,82d7dd22-702f-461f-887b-e869c38225d2
